{
"lengthUnit": "mil",
"components": {
	"fields": ["COMPONENT_NO", "COMPONENT_NAME", "LAYER", "X_COORDINATE", "Y_COORDINATE", "ANGLE"],
	"rows": [
		[1, "C16", "B", 3096.32, -1952.62, 90],
		[2, "C17", "B", 2546.19, -923.85, 270],
		[3, "C18", "B", 2621.64, -923.85, 270],
		[4, "C19", "B", 2697.09, -923.85, 270],
		[5, "C20", "B", 2772.53, -923.85, 270],
		[6, "C21", "B", 2847.98, -923.85, 270],
		[7, "C22", "B", 2470.74, -923.85, 270],
		[8, "C23", "B", 2395.08, -923.24, 90],
		[9, "C24", "T", 3580.72, -2931.9, 270],
		[10, "C25", "T", 3421.67, -2931.9, 270],
		[11, "C26", "T", 3427.57, -3733.24, 0],
		[12, "CN1", "B", 1968.5, -3345, 180],
		[13, "H1", "T", 1196.85, -95, 0],
		[14, "R3", "T", 588.33, -3110, 270],
		[15, "R4", "T", 1370, -3115, 270],
		[16, "R5", "T", 2200, -3115, 270],
		[17, "R6", "T", 2990, -3105, 270],
		[18, "R7", "T", 3735.83, -2934.09, 90],
		[19, "R8", "T", 3266.77, -2934.09, 90],
		[20, "R9", "T", 3607.81, -3733.24, 0],
		[21, "R10", "T", 590, -3580, 270],
		[22, "R11", "T", 1373.93, -3585.87, 270],
		[23, "R12", "T", 2177.4, -3585, 270],
		[24, "R13", "T", 2990, -3590, 270],
		[25, "SW1", "T", 335.55, -3115, 0],
		[26, "SW2", "T", 1140.37, -3115, 0],
		[27, "SW3", "T", 1945.18, -3115, 0],
		[28, "SW4", "T", 2750, -3115, 0],
		[29, "SW5", "T", 3502.03, -3351.47, 180],
		[30, "SW5N1", "T", 335.55, -3580, 0],
		[31, "SW6", "T", 1140.37, -3580, 0],
		[32, "SW7", "T", 1945.18, -3580, 0],
		[33, "SW8", "T", 2750, -3580, 0],
		[34, "X1", "B", 3385.83, -1496.06, 270]
	]
},
"pins": {
	"fields": ["PIN_NO", "PIN_NAME", "PIN_X", "PIN_Y", "LAYER", "PIN_TYPE", "NET_NAME", "NET_TYPE", "PAD_SHAPE", "PAD_SIZEX", "PAD_SIZEY", "HOLE_SIZE", "PAD_ANGLE"],
	"rows": [
		[1, "C16_1", 3096.32, -1980.18, "B", "SMD", "GND", "GND", "R", 31.5, 35.43, 0, 90],
		[2, "C16_2", 3096.32, -1925.06, "B", "SMD", "$1N487", "", "R", 31.5, 35.43, 0, 90],
		[3, "C17_1", 2546.19, -896.29, "B", "SMD", "GND", "GND", "R", 31.5, 35.43, 0, 270],
		[4, "C17_2", 2546.19, -951.41, "B", "SMD", "$1N488", "", "R", 31.5, 35.43, 0, 270],
		[5, "C18_1", 2621.64, -896.29, "B", "SMD", "GND", "GND", "R", 31.5, 35.43, 0, 270],
		[6, "C18_2", 2621.64, -951.41, "B", "SMD", "$1N489", "", "R", 31.5, 35.43, 0, 270],
		[7, "C19_1", 2697.09, -896.29, "B", "SMD", "GND", "GND", "R", 31.5, 35.43, 0, 270],
		[8, "C19_2", 2697.09, -951.41, "B", "SMD", "$1N490", "", "R", 31.5, 35.43, 0, 270],
		[9, "C20_1", 2772.53, -896.29, "B", "SMD", "GND", "GND", "R", 31.5, 35.43, 0, 270],
		[10, "C20_2", 2772.53, -951.41, "B", "SMD", "$1N491", "", "R", 31.5, 35.43, 0, 270],
		[11, "C21_1", 2847.98, -896.29, "B", "SMD", "GND", "GND", "R", 31.5, 35.43, 0, 270],
		[12, "C21_2", 2847.98, -951.41, "B", "SMD", "$1N492", "", "R", 31.5, 35.43, 0, 270],
		[13, "C22_1", 2470.74, -896.29, "B", "SMD", "GND", "GND", "R", 31.5, 35.43, 0, 270],
		[14, "C22_2", 2470.74, -951.41, "B", "SMD", "VCI", "", "R", 31.5, 35.43, 0, 270],
		[15, "C23_1", 2395.08, -950.8, "B", "SMD", "IOVCC", "", "R", 31.5, 35.43, 0, 90],
		[16, "C23_2", 2395.08, -895.68, "B", "SMD", "GND", "GND", "R", 31.5, 35.43, 0, 90],
		[17, "C24_1", 3580.72, -2904.34, "T", "SMD", "GND", "GND", "R", 31.5, 35.43, 0, 270],
		[18, "C24_2", 3580.72, -2959.46, "T", "SMD", "EC11-A", "", "R", 31.5, 35.43, 0, 270],
		[19, "C25_1", 3421.67, -2904.34, "T", "SMD", "GND", "GND", "R", 31.5, 35.43, 0, 270],
		[20, "C25_2", 3421.67, -2959.46, "T", "SMD", "EC11-B", "", "R", 31.5, 35.43, 0, 270],
		[21, "C26_1", 3400.01, -3733.24, "T", "SMD", "GND", "GND", "R", 31.5, 35.43, 0, 0],
		[22, "C26_2", 3455.13, -3733.24, "T", "SMD", "EC11-M", "", "R", 31.5, 35.43, 0, 0],
		[23, "CN1_1", 2322.83, -3305.63, "T", "DIP", "IOVCC", "", "R", 59.05, 55.12, 27.56, 180],
		[24, "CN1_1", 2322.83, -3305.63, "B", "DIP", "IOVCC", "", "R", 59.05, 55.12, 27.56, 180],
		[25, "CN1_2", 2322.83, -3384.37, "T", "DIP", "EC11-A", "", "C", 55.12, 55.12, 27.56, 180],
		[26, "CN1_2", 2322.83, -3384.37, "B", "DIP", "EC11-A", "", "C", 55.12, 55.12, 27.56, 180],
		[27, "CN1_3", 2244.09, -3305.63, "T", "DIP", "VCI", "", "C", 55.12, 55.12, 27.56, 180],
		[28, "CN1_3", 2244.09, -3305.63, "B", "DIP", "VCI", "", "C", 55.12, 55.12, 27.56, 180],
		[29, "CN1_4", 2244.09, -3384.37, "T", "DIP", "EC11-B", "", "C", 55.12, 55.12, 27.56, 180],
		[30, "CN1_4", 2244.09, -3384.37, "B", "DIP", "EC11-B", "", "C", 55.12, 55.12, 27.56, 180],
		[31, "CN1_5", 2165.35, -3305.63, "T", "DIP", "LCD_SDI", "", "C", 55.12, 55.12, 27.56, 180],
		[32, "CN1_5", 2165.35, -3305.63, "B", "DIP", "LCD_SDI", "", "C", 55.12, 55.12, 27.56, 180],
		[33, "CN1_6", 2165.35, -3384.37, "T", "DIP", "EC11-M", "", "C", 55.12, 55.12, 27.56, 180],
		[34, "CN1_6", 2165.35, -3384.37, "B", "DIP", "EC11-M", "", "C", 55.12, 55.12, 27.56, 180],
		[35, "CN1_7", 2086.61, -3305.63, "T", "DIP", "LCD_SCLK", "", "C", 55.12, 55.12, 27.56, 180],
		[36, "CN1_7", 2086.61, -3305.63, "B", "DIP", "LCD_SCLK", "", "C", 55.12, 55.12, 27.56, 180],
		[37, "CN1_8", 2086.61, -3384.37, "T", "DIP", "K4", "", "C", 55.12, 55.12, 27.56, 180],
		[38, "CN1_8", 2086.61, -3384.37, "B", "DIP", "K4", "", "C", 55.12, 55.12, 27.56, 180],
		[39, "CN1_9", 2007.87, -3305.63, "T", "DIP", "LCD_CS", "", "C", 55.12, 55.12, 27.56, 180],
		[40, "CN1_9", 2007.87, -3305.63, "B", "DIP", "LCD_CS", "", "C", 55.12, 55.12, 27.56, 180],
		[41, "CN1_10", 2007.87, -3384.37, "T", "DIP", "K8", "", "C", 55.12, 55.12, 27.56, 180],
		[42, "CN1_10", 2007.87, -3384.37, "B", "DIP", "K8", "", "C", 55.12, 55.12, 27.56, 180],
		[43, "CN1_11", 1929.13, -3305.63, "T", "DIP", "LCD_D/C", "", "C", 55.12, 55.12, 27.56, 180],
		[44, "CN1_11", 1929.13, -3305.63, "B", "DIP", "LCD_D/C", "", "C", 55.12, 55.12, 27.56, 180],
		[45, "CN1_12", 1929.13, -3384.37, "T", "DIP", "K7", "", "C", 55.12, 55.12, 27.56, 180],
		[46, "CN1_12", 1929.13, -3384.37, "B", "DIP", "K7", "", "C", 55.12, 55.12, 27.56, 180],
		[47, "CN1_13", 1850.39, -3305.63, "T", "DIP", "LCD_RES", "", "C", 55.12, 55.12, 27.56, 180],
		[48, "CN1_13", 1850.39, -3305.63, "B", "DIP", "LCD_RES", "", "C", 55.12, 55.12, 27.56, 180],
		[49, "CN1_14", 1850.39, -3384.37, "T", "DIP", "K6", "", "C", 55.12, 55.12, 27.56, 180],
		[50, "CN1_14", 1850.39, -3384.37, "B", "DIP", "K6", "", "C", 55.12, 55.12, 27.56, 180],
		[51, "CN1_15", 1771.65, -3305.63, "T", "DIP", "TE", "", "C", 55.12, 55.12, 27.56, 180],
		[52, "CN1_15", 1771.65, -3305.63, "B", "DIP", "TE", "", "C", 55.12, 55.12, 27.56, 180],
		[53, "CN1_16", 1771.65, -3384.37, "T", "DIP", "K5", "", "C", 55.12, 55.12, 27.56, 180],
		[54, "CN1_16", 1771.65, -3384.37, "B", "DIP", "K5", "", "C", 55.12, 55.12, 27.56, 180],
		[55, "CN1_17", 1692.91, -3305.63, "T", "DIP", "K3", "", "C", 55.12, 55.12, 27.56, 180],
		[56, "CN1_17", 1692.91, -3305.63, "B", "DIP", "K3", "", "C", 55.12, 55.12, 27.56, 180],
		[57, "CN1_18", 1692.91, -3384.37, "T", "DIP", "K1", "", "C", 55.12, 55.12, 27.56, 180],
		[58, "CN1_18", 1692.91, -3384.37, "B", "DIP", "K1", "", "C", 55.12, 55.12, 27.56, 180],
		[59, "CN1_19", 1614.17, -3305.63, "T", "DIP", "GND", "GND", "C", 55.12, 55.12, 27.56, 180],
		[60, "CN1_19", 1614.17, -3305.63, "B", "DIP", "GND", "GND", "C", 55.12, 55.12, 27.56, 180],
		[61, "CN1_20", 1614.17, -3384.37, "T", "DIP", "K2", "", "C", 55.12, 55.12, 27.56, 180],
		[62, "CN1_20", 1614.17, -3384.37, "B", "DIP", "K2", "", "C", 55.12, 55.12, 27.56, 180],
		[63, "H1_1", 246.85, -95, "T", "DIP", "GND", "GND", "R", 60, 60, 36, 0],
		[64, "H1_1", 246.85, -95, "B", "DIP", "GND", "GND", "R", 60, 60, 36, 0],
		[65, "H1_2", 346.85, -95, "T", "DIP", "IOVCC", "", "C", 60, 60, 36, 0],
		[66, "H1_2", 346.85, -95, "B", "DIP", "IOVCC", "", "C", 60, 60, 36, 0],
		[67, "H1_3", 446.85, -95, "T", "DIP", "K1", "", "C", 60, 60, 36, 0],
		[68, "H1_3", 446.85, -95, "B", "DIP", "K1", "", "C", 60, 60, 36, 0],
		[69, "H1_4", 546.85, -95, "T", "DIP", "VCI", "", "C", 60, 60, 36, 0],
		[70, "H1_4", 546.85, -95, "B", "DIP", "VCI", "", "C", 60, 60, 36, 0],
		[71, "H1_5", 646.85, -95, "T", "DIP", "K2", "", "C", 60, 60, 36, 0],
		[72, "H1_5", 646.85, -95, "B", "DIP", "K2", "", "C", 60, 60, 36, 0],
		[73, "H1_6", 746.85, -95, "T", "DIP", "K6", "", "C", 60, 60, 36, 0],
		[74, "H1_6", 746.85, -95, "B", "DIP", "K6", "", "C", 60, 60, 36, 0],
		[75, "H1_7", 846.85, -95, "T", "DIP", "K3", "", "C", 60, 60, 36, 0],
		[76, "H1_7", 846.85, -95, "B", "DIP", "K3", "", "C", 60, 60, 36, 0],
		[77, "H1_8", 946.85, -95, "T", "DIP", "K7", "", "C", 60, 60, 36, 0],
		[78, "H1_8", 946.85, -95, "B", "DIP", "K7", "", "C", 60, 60, 36, 0],
		[79, "H1_9", 1046.85, -95, "T", "DIP", "K4", "", "C", 60, 60, 36, 0],
		[80, "H1_9", 1046.85, -95, "B", "DIP", "K4", "", "C", 60, 60, 36, 0],
		[81, "H1_10", 1146.85, -95, "T", "DIP", "K8", "", "C", 60, 60, 36, 0],
		[82, "H1_10", 1146.85, -95, "B", "DIP", "K8", "", "C", 60, 60, 36, 0],
		[83, "H1_11", 1246.85, -95, "T", "DIP", "K5", "", "C", 60, 60, 36, 0],
		[84, "H1_11", 1246.85, -95, "B", "DIP", "K5", "", "C", 60, 60, 36, 0],
		[85, "H1_12", 1346.85, -95, "T", "DIP", "EC11-A", "", "C", 60, 60, 36, 0],
		[86, "H1_12", 1346.85, -95, "B", "DIP", "EC11-A", "", "C", 60, 60, 36, 0],
		[87, "H1_13", 1446.85, -95, "T", "DIP", "EC11-B", "", "C", 60, 60, 36, 0],
		[88, "H1_13", 1446.85, -95, "B", "DIP", "EC11-B", "", "C", 60, 60, 36, 0],
		[89, "H1_14", 1546.85, -95, "T", "DIP", "EC11-M", "", "C", 60, 60, 36, 0],
		[90, "H1_14", 1546.85, -95, "B", "DIP", "EC11-M", "", "C", 60, 60, 36, 0],
		[91, "H1_15", 1646.85, -95, "T", "DIP", "LCD_SDI", "", "C", 60, 60, 36, 0],
		[92, "H1_15", 1646.85, -95, "B", "DIP", "LCD_SDI", "", "C", 60, 60, 36, 0],
		[93, "H1_16", 1746.85, -95, "T", "DIP", "LCD_SCLK", "", "C", 60, 60, 36, 0],
		[94, "H1_16", 1746.85, -95, "B", "DIP", "LCD_SCLK", "", "C", 60, 60, 36, 0],
		[95, "H1_17", 1846.85, -95, "T", "DIP", "LCD_CS", "", "C", 60, 60, 36, 0],
		[96, "H1_17", 1846.85, -95, "B", "DIP", "LCD_CS", "", "C", 60, 60, 36, 0],
		[97, "H1_18", 1946.85, -95, "T", "DIP", "LCD_D/C", "", "C", 60, 60, 36, 0],
		[98, "H1_18", 1946.85, -95, "B", "DIP", "LCD_D/C", "", "C", 60, 60, 36, 0],
		[99, "H1_19", 2046.85, -95, "T", "DIP", "LCD_RES", "", "C", 60, 60, 36, 0],
		[100, "H1_19", 2046.85, -95, "B", "DIP", "LCD_RES", "", "C", 60, 60, 36, 0],
		[101, "H1_20", 2146.85, -95, "T", "DIP", "TE", "", "C", 60, 60, 36, 0],
		[102, "H1_20", 2146.85, -95, "B", "DIP", "TE", "", "C", 60, 60, 36, 0],
		[103, "R3_1", 588.33, -3093, "T", "SMD", "K1", "", "R", 22.3, 21.3, 0, 270],
		[104, "R3_2", 588.33, -3127, "T", "SMD", "$1N2478", "", "R", 22.3, 21.3, 0, 270],
		[105, "R4_1", 1370, -3098, "T", "SMD", "K2", "", "R", 22.3, 21.3, 0, 270],
		[106, "R4_2", 1370, -3132, "T", "SMD", "$1N2479", "", "R", 22.3, 21.3, 0, 270],
		[107, "R5_1", 2200, -3098, "T", "SMD", "K3", "", "R", 22.3, 21.3, 0, 270],
		[108, "R5_2", 2200, -3132, "T", "SMD", "$1N2480", "", "R", 22.3, 21.3, 0, 270],
		[109, "R6_1", 2990, -3088, "T", "SMD", "K4", "", "R", 22.3, 21.3, 0, 270],
		[110, "R6_2", 2990, -3122, "T", "SMD", "$1N2481", "", "R", 22.3, 21.3, 0, 270],
		[111, "R7_1", 3735.83, -2963.75, "T", "SMD", "EC11-A", "", "R", 31.75, 34.02, 0, 90],
		[112, "R7_2", 3735.83, -2904.43, "T", "SMD", "IOVCC", "", "R", 31.75, 34.02, 0, 90],
		[113, "R8_1", 3266.77, -2963.75, "T", "SMD", "EC11-B", "", "R", 31.75, 34.02, 0, 90],
		[114, "R8_2", 3266.77, -2904.43, "T", "SMD", "IOVCC", "", "R", 31.75, 34.02, 0, 90],
		[115, "R9_1", 3578.15, -3733.24, "T", "SMD", "EC11-M", "", "R", 31.75, 34.02, 0, 0],
		[116, "R9_2", 3637.47, -3733.24, "T", "SMD", "IOVCC", "", "R", 31.75, 34.02, 0, 0],
		[117, "R10_1", 590, -3563, "T", "SMD", "K5", "", "R", 22.3, 21.3, 0, 270],
		[118, "R10_2", 590, -3597, "T", "SMD", "$1N3163", "", "R", 22.3, 21.3, 0, 270],
		[119, "R11_1", 1373.93, -3568.87, "T", "SMD", "K6", "", "R", 22.3, 21.3, 0, 270],
		[120, "R11_2", 1373.93, -3602.87, "T", "SMD", "$1N3265", "", "R", 22.3, 21.3, 0, 270],
		[121, "R12_1", 2177.4, -3568, "T", "SMD", "K7", "", "R", 22.3, 21.3, 0, 270],
		[122, "R12_2", 2177.4, -3602, "T", "SMD", "$1N3369", "", "R", 22.3, 21.3, 0, 270],
		[123, "R13_1", 2990, -3573, "T", "SMD", "K8", "", "R", 22.3, 21.3, 0, 270],
		[124, "R13_2", 2990, -3607, "T", "SMD", "$1N3475", "", "R", 22.3, 21.3, 0, 270],
		[125, "SW1_1", 205.63, -3042.16, "T", "SMD", "GND", "GND", "R", 66.93, 39.37, 0, 0],
		[126, "SW1_2", 465.47, -3042.16, "T", "SMD", "SW1_2", "", "R", 66.93, 39.37, 0, 0],
		[127, "SW1_3", 205.63, -3187.84, "T", "SMD", "SW1_3", "", "R", 66.93, 39.37, 0, 0],
		[128, "SW1_4", 465.47, -3187.84, "T", "SMD", "$1N2478", "", "R", 66.93, 39.37, 0, 0],
		[129, "SW2_1", 1010.45, -3042.16, "T", "SMD", "GND", "GND", "R", 66.93, 39.37, 0, 0],
		[130, "SW2_2", 1270.29, -3042.16, "T", "SMD", "SW2_2", "", "R", 66.93, 39.37, 0, 0],
		[131, "SW2_3", 1010.45, -3187.84, "T", "SMD", "SW2_3", "", "R", 66.93, 39.37, 0, 0],
		[132, "SW2_4", 1270.29, -3187.84, "T", "SMD", "$1N2479", "", "R", 66.93, 39.37, 0, 0],
		[133, "SW3_1", 1815.26, -3042.16, "T", "SMD", "GND", "GND", "R", 66.93, 39.37, 0, 0],
		[134, "SW3_2", 2075.1, -3042.16, "T", "SMD", "SW3_2", "", "R", 66.93, 39.37, 0, 0],
		[135, "SW3_3", 1815.26, -3187.84, "T", "SMD", "SW3_3", "", "R", 66.93, 39.37, 0, 0],
		[136, "SW3_4", 2075.1, -3187.84, "T", "SMD", "$1N2480", "", "R", 66.93, 39.37, 0, 0],
		[137, "SW4_1", 2620.08, -3042.16, "T", "SMD", "GND", "GND", "R", 66.93, 39.37, 0, 0],
		[138, "SW4_2", 2879.92, -3042.16, "T", "SMD", "SW4_2", "", "R", 66.93, 39.37, 0, 0],
		[139, "SW4_3", 2620.08, -3187.84, "T", "SMD", "SW4_3", "", "R", 66.93, 39.37, 0, 0],
		[140, "SW4_4", 2879.92, -3187.84, "T", "SMD", "$1N2481", "", "R", 66.93, 39.37, 0, 0],
		[141, "SW5_6", 3285.5, -3361.31, "T", "DIP", "SW5_6", "", "O", 157.48, 90.55, 118.11, 270],
		[142, "SW5_6", 3285.5, -3361.31, "B", "DIP", "SW5_6", "", "O", 157.48, 90.55, 118.11, 270],
		[143, "SW5_7", 3718.57, -3361.31, "T", "DIP", "SW5_7", "", "O", 157.48, 90.55, 118.11, 270],
		[144, "SW5_7", 3718.57, -3361.31, "B", "DIP", "SW5_7", "", "O", 157.48, 90.55, 118.11, 270],
		[145, "SW5_A", 3602.04, -3066.03, "T", "DIP", "EC11-A", "", "C", 70.87, 70.87, 51.18, 180],
		[146, "SW5_A", 3602.04, -3066.03, "B", "DIP", "EC11-A", "", "C", 70.87, 70.87, 51.18, 180],
		[147, "SW5_B", 3402.04, -3066.03, "T", "DIP", "EC11-B", "", "C", 70.87, 70.87, 51.18, 180],
		[148, "SW5_B", 3402.04, -3066.03, "B", "DIP", "EC11-B", "", "C", 70.87, 70.87, 51.18, 180],
		[149, "SW5_C", 3502.04, -3066.03, "T", "DIP", "GND", "GND", "C", 70.87, 70.87, 51.18, 180],
		[150, "SW5_C", 3502.04, -3066.03, "B", "DIP", "GND", "GND", "C", 70.87, 70.87, 51.18, 180],
		[151, "SW5_D", 3602.04, -3636.9, "T", "DIP", "EC11-M", "", "C", 70.87, 70.87, 51.18, 180],
		[152, "SW5_D", 3602.04, -3636.9, "B", "DIP", "EC11-M", "", "C", 70.87, 70.87, 51.18, 180],
		[153, "SW5_E", 3402.04, -3636.9, "T", "DIP", "GND", "GND", "C", 70.87, 70.87, 51.18, 180],
		[154, "SW5_E", 3402.04, -3636.9, "B", "DIP", "GND", "GND", "C", 70.87, 70.87, 51.18, 180],
		[155, "SW5N1_1", 205.63, -3507.16, "T", "SMD", "GND", "GND", "R", 66.93, 39.37, 0, 0],
		[156, "SW5N1_2", 465.47, -3507.16, "T", "SMD", "SW5N1_2", "", "R", 66.93, 39.37, 0, 0],
		[157, "SW5N1_3", 205.63, -3652.84, "T", "SMD", "SW5N1_3", "", "R", 66.93, 39.37, 0, 0],
		[158, "SW5N1_4", 465.47, -3652.84, "T", "SMD", "$1N3163", "", "R", 66.93, 39.37, 0, 0],
		[159, "SW6_1", 1010.45, -3507.16, "T", "SMD", "GND", "GND", "R", 66.93, 39.37, 0, 0],
		[160, "SW6_2", 1270.29, -3507.16, "T", "SMD", "SW6_2", "", "R", 66.93, 39.37, 0, 0],
		[161, "SW6_3", 1010.45, -3652.84, "T", "SMD", "SW6_3", "", "R", 66.93, 39.37, 0, 0],
		[162, "SW6_4", 1270.29, -3652.84, "T", "SMD", "$1N3265", "", "R", 66.93, 39.37, 0, 0],
		[163, "SW7_1", 1815.26, -3507.16, "T", "SMD", "GND", "GND", "R", 66.93, 39.37, 0, 0],
		[164, "SW7_2", 2075.1, -3507.16, "T", "SMD", "SW7_2", "", "R", 66.93, 39.37, 0, 0],
		[165, "SW7_3", 1815.26, -3652.84, "T", "SMD", "SW7_3", "", "R", 66.93, 39.37, 0, 0],
		[166, "SW7_4", 2075.1, -3652.84, "T", "SMD", "$1N3369", "", "R", 66.93, 39.37, 0, 0],
		[167, "SW8_1", 2620.08, -3507.16, "T", "SMD", "GND", "GND", "R", 66.93, 39.37, 0, 0],
		[168, "SW8_2", 2879.92, -3507.16, "T", "SMD", "SW8_2", "", "R", 66.93, 39.37, 0, 0],
		[169, "SW8_3", 2620.08, -3652.84, "T", "SMD", "SW8_3", "", "R", 66.93, 39.37, 0, 0],
		[170, "SW8_4", 2879.92, -3652.84, "T", "SMD", "$1N3475", "", "R", 66.93, 39.37, 0, 0],
		[171, "X1_1", 3297.24, -1269.68, "B", "SMD", "$1N492", "", "R", 11.81, 110.24, 0, 270],
		[172, "X1_2", 3297.24, -1289.38, "B", "SMD", "X1_2", "", "R", 11.81, 110.24, 0, 270],
		[173, "X1_3", 3297.24, -1309.06, "B", "SMD", "$1N491", "", "R", 11.81, 110.24, 0, 270],
		[174, "X1_4", 3297.24, -1328.75, "B", "SMD", "$1N490", "", "R", 11.81, 110.24, 0, 270],
		[175, "X1_5", 3297.24, -1348.42, "B", "SMD", "$1N489", "", "R", 11.81, 110.24, 0, 270],
		[176, "X1_6", 3297.24, -1368.12, "B", "SMD", "X1_6", "", "R", 11.81, 110.24, 0, 270],
		[177, "X1_7", 3297.24, -1387.8, "B", "SMD", "$1N488", "", "R", 11.81, 110.24, 0, 270],
		[178, "X1_8", 3297.24, -1407.49, "B", "SMD", "GND", "GND", "R", 11.81, 110.24, 0, 270],
		[179, "X1_9", 3297.24, -1427.16, "B", "SMD", "VCI", "", "R", 11.81, 110.24, 0, 270],
		[180, "X1_10", 3297.24, -1446.86, "B", "SMD", "IOVCC", "", "R", 11.81, 110.24, 0, 270],
		[181, "X1_11", 3297.24, -1466.54, "B", "SMD", "LCD_SDI", "", "R", 11.81, 110.24, 0, 270],
		[182, "X1_12", 3297.24, -1486.22, "B", "SMD", "LCD_SCLK", "", "R", 11.81, 110.24, 0, 270],
		[183, "X1_13", 3297.24, -1505.91, "B", "SMD", "LCD_CS", "", "R", 11.81, 110.24, 0, 270],
		[184, "X1_14", 3297.24, -1525.6, "B", "SMD", "LCD_D/C", "", "R", 11.81, 110.24, 0, 270],
		[185, "X1_15", 3297.24, -1545.28, "B", "SMD", "LCD_RES", "", "R", 11.81, 110.24, 0, 270],
		[186, "X1_16", 3297.24, -1564.96, "B", "SMD", "TE", "", "R", 11.81, 110.24, 0, 270],
		[187, "X1_17", 3297.24, -1584.65, "B", "SMD", "X1_17", "", "R", 11.81, 110.24, 0, 270],
		[188, "X1_18", 3297.24, -1604.34, "B", "SMD", "X1_18", "", "R", 11.81, 110.24, 0, 270],
		[189, "X1_19", 3297.24, -1624.01, "B", "SMD", "X1_19", "", "R", 11.81, 110.24, 0, 270],
		[190, "X1_20", 3297.24, -1643.7, "B", "SMD", "$1N487", "", "R", 11.81, 110.24, 0, 270],
		[191, "X1_21", 3297.24, -1663.39, "B", "SMD", "X1_21", "", "R", 11.81, 110.24, 0, 270],
		[192, "X1_22", 3297.24, -1683.08, "B", "SMD", "X1_22", "", "R", 11.81, 110.24, 0, 270],
		[193, "X1_23", 3297.24, -1702.75, "B", "SMD", "X1_23", "", "R", 11.81, 110.24, 0, 270],
		[194, "X1_24", 3297.24, -1722.44, "B", "SMD", "X1_24", "", "R", 11.81, 110.24, 0, 270],
		[195, "X1_25", 3435.04, -1811.02, "B", "SMD", "X1_25", "", "R", 118.11, 78.74, 0, 270],
		[196, "X1_26", 3435.04, -1181.1, "B", "SMD", "X1_26", "", "R", 118.11, 78.74, 0, 270]
	]
}
}